{
  "train_loss": [
    1.3940542340278625,
    1.2480716556310654,
    1.1712460443377495,
    1.1553893350064754,
    1.1863624677062035,
    1.182143747806549,
    1.1397899203002453,
    1.1437360867857933,
    1.1447653770446777,
    1.1470960080623627,
    1.129357609897852,
    1.132875245064497,
    1.1242573522031307,
    1.1107366159558296,
    1.11195620149374,
    1.124758556485176,
    1.1285554990172386,
    1.1184049248695374,
    1.10860201343894,
    1.119763072580099,
    1.105509601533413,
    1.1227513141930103,
    1.1107064858078957,
    1.120412390679121,
    1.115026317536831,
    1.1205992251634598,
    1.1118570044636726,
    1.112469892948866,
    1.1199211701750755,
    1.1101995147764683
  ],
  "train_acc": [
    0.21484375,
    0.44140625,
    0.546875,
    0.58984375,
    0.5546875,
    0.5546875,
    0.6015625,
    0.59375,
    0.59765625,
    0.59375,
    0.609375,
    0.609375,
    0.6171875,
    0.6328125,
    0.6328125,
    0.62109375,
    0.61328125,
    0.625,
    0.63671875,
    0.62109375,
    0.63671875,
    0.62109375,
    0.62890625,
    0.62109375,
    0.625,
    0.62109375,
    0.625,
    0.62890625,
    0.62109375,
    0.6328125
  ],
  "val_loss": [
    1.3819723725318909,
    1.1936897039413452,
    1.2120826244354248,
    1.136571779847145,
    1.461999088525772,
    1.2589439451694489,
    1.259236454963684,
    1.2875984907150269,
    1.2592756152153015,
    1.23337060213089,
    1.2266165614128113,
    1.2267620265483856,
    1.2149648368358612,
    1.2249784171581268,
    1.226771056652069,
    1.2434614300727844,
    1.2435857057571411,
    1.2437142431735992,
    1.2435595095157623,
    1.2413355112075806,
    1.2286050617694855,
    1.2348500788211823,
    1.2441162168979645,
    1.2454505562782288,
    1.2472586929798126,
    1.2501624524593353,
    1.2515742480754852,
    1.250956118106842,
    1.2503461837768555,
    1.2498272955417633
  ],
  "val_acc": [
    0.203125,
    0.484375,
    0.515625,
    0.59375,
    0.265625,
    0.484375,
    0.484375,
    0.453125,
    0.484375,
    0.5,
    0.515625,
    0.515625,
    0.53125,
    0.515625,
    0.515625,
    0.5,
    0.5,
    0.5,
    0.5,
    0.5,
    0.5,
    0.484375,
    0.5,
    0.5,
    0.5,
    0.484375,
    0.484375,
    0.484375,
    0.484375,
    0.484375
  ]
}