{
    "train_loss": [
        1.6841154609407698,
        1.3267652136938912,
        0.6620040535926819,
        0.7033946024520057,
        0.44055030601365225,
        0.32653467782906126,
        0.27866432602916447,
        0.28269967223916737,
        0.2697558807475226,
        0.2277756780385971,
        0.14911909933601106,
        0.1045535015873611,
        0.08387455929602895,
        0.10630495047995023,
        0.11590998380311898
    ],
    "train_acc": [
        0.18779342723004694,
        0.40375586854460094,
        0.7183098591549296,
        0.7136150234741784,
        0.8215962441314554,
        0.8732394366197183,
        0.9061032863849765,
        0.892018779342723,
        0.892018779342723,
        0.9248826291079812,
        0.9483568075117371,
        0.9577464788732394,
        0.9765258215962441,
        0.971830985915493,
        0.9577464788732394
    ],
    "val_loss": [
        1.5958366990089417,
        1.0573620200157166,
        0.725925475358963,
        0.650141566991806,
        0.5388299822807312,
        0.37593168020248413,
        0.3400111347436905,
        0.2114541456103325,
        0.4678601026535034,
        0.263623371720314,
        0.1910918690264225,
        0.14027372002601624,
        0.09411882236599922,
        0.20500049367547035,
        0.1741160750389099
    ],
    "val_acc": [
        0.07407407407407407,
        0.42592592592592593,
        0.7407407407407407,
        0.5370370370370371,
        0.8703703703703703,
        0.8888888888888888,
        0.8703703703703703,
        0.9074074074074074,
        0.7777777777777778,
        0.9259259259259259,
        0.9444444444444444,
        0.9629629629629629,
        0.9629629629629629,
        0.9259259259259259,
        0.9259259259259259
    ]
}